Date,Review
01/09/2025,I thought the aioli rice box was really great
01/09/2025,Came for breakfast actually - portion was smaller than expected - Shame really
01/09/2025,Took my kids here and they actually ate everything without complaining which is basically a miracle. The chicken nuggets went down a treat and the staff were patient with us
01/09/2025,This Leon does cracking breakfast. Scrambled eggs on sourdough with a flat white. Proper start to the day
01/09/2025,"Nice food, nice people. Got the LOVe burger combo and it was well good. The drink options are class too - had the ginger kombucha"
02/09/2025,Quick lunch stop - Chargrilled chicken was juicy and well seasoned - 3/5!!
02/09/2025,Been coming here for a while now. The halloumi wrap was gorgeous. Proper pleased with that
02/09/2025,LOVE the fact they do proper gluten free options. Had the GF chicken wrap and you genuinely couldn't tell the difference
02/09/2025,First time trying this branch - everything tasted a bit bland - Bit disappointed overall
03/09/2025,Ordered through the app and it wasnt ready when I arrived even though it said it would be. Waited another 5 mins. Food was fine
03/09/2025,"Walked past and thought why not, chicken was a bit dry, Bit disappointed overall!!"
03/09/2025,ordered on deliveroo and it arrived quick and still hot. chicken wrap was banging. will order again
03/09/2025,This Leon does cracking breakfast. Scrambled eggs on sourdough with a flat white. Proper start to the day
04/09/2025,"Coffee was average, food was better. The halloumi box was nice but could've done with more halloumi tbh"
04/09/2025,Stopped by after work. Sweet potato fries were banging. Love this place
04/09/2025,brought my partner here for the first time and she loved it! she had the vegan wrap and said it was the best she'd had from a chain. big praise from her trust me
04/09/2025,"Office ordered from here, The wrap was packed and really satisfying, Staff were really helpful with allergens, Top stuff"
05/09/2025,"Third time this month I think, Supergreen salad was fresh and filling, 5 stars from me"
05/09/2025,Discovered this place last week and already been back 3 times. The chargrilled chicken is addictive I swear
05/09/2025,"Staff were rude, food was rubbish, place was dirty. The unholy trinity. Won't be coming back"
05/09/2025,Office ordered from here. salad looked a bit sad. Does the job
06/09/2025,Walked past and thought why not! salad looked a bit sad! Won't be rushing back
06/09/2025,"Popped in for a quick lunch and honestly couldn't fault it. The LOVe burger was banging, chips were crispy and the staff were dead friendly. Will deffo be back"
06/09/2025,Grabbed food on my break. The chicken wrap was really tasty. service was painfully slow. Might come back
06/09/2025,"Walked past and thought why not, The wrap was packed and really satisfying, Could be better could be worse"
07/09/2025,Swung by for a quick bite - The wrap was packed and really satisfying - Staff were lovely - Would recommend to anyone
07/09/2025,Been coming here for a while now. The chicken wrap was really tasty. Top stuff
07/09/2025,First time at Leon and wow. Had the chicken wrap with the aioli and it was unreal. Nice to have a fast food option that doesnt make you feel like rubbish after
07/09/2025,Lunch meeting here - LOVe burger was spot on - App ordering was seamless - Keep it up
07/09/2025,"Good food, rubbish seating. Why are the tables always so sticky? Give them a wipe please. Chicken box was lovely though"
08/09/2025,nice enough place but a bit overpriced imo. 9 quid for a wrap and a drink is steep when you can get a meal deal for 3.50 round the corner
08/09/2025,Quick lunch stop! wrap was falling apart! Won't be rushing back
08/09/2025,"Ordered on the app, The wrap was packed and really satisfying, Quick and efficient as always, 3/5"
08/09/2025,Pleasantly surprised! I usually just grab a meal deal from Tesco but decided to treat myself. The grilled halloumi box was fantastic
09/09/2025,Its ok. Nothing wrong with it but I wouldnt go out of my way to come here. If im passing and hungry then yeah sure
09/09/2025,I was veggie for years and Leon was always my go to. Now I eat chicken again their menu is even better. The grilled chicken box is elite
09/09/2025,ordered on the app. the vegan box surprised me - really good. keep it up
09/09/2025,Really impressed with the food quality here. Had the chargrilled chicken wrap with extra sauce and a superfood salad on the side. Everything tasted fresh and vibrant.
09/09/2025,Bit disappointed with the portion sizes lately. The box used to be more generous. Food quality is still there though so thats something
10/09/2025,Ordered through the app and it wasnt ready when I arrived even though it said it would be. Waited another 5 mins. Food was fine!!
10/09/2025,LOVE the fact they do proper gluten free options. Had the GF chicken wrap and you genuinely couldn't tell the difference
10/09/2025,Just wanna say the staff at this branch are always SO nice. Even when it's heaving they're friendly and quick. Food's great too obv
10/09/2025,Swung by for a quick bite - wrap was falling apart - Alright I suppose
10/09/2025,Stopped by after work. salad looked a bit sad. Not bad
11/09/2025,Needed something quick - fries were soggy unfortunately - Not bad
11/09/2025,food was great as always. love the chicken wrap. only thing is they were out of baked fries today which was annoying but these things happen I suppose
11/09/2025,Took my mum here and she was really impressed. She doesn't usually do fast food but she loved the halloumi box. Big win
11/09/2025,Came here for lunch. The vegan box surprised me - really good. had to wait ages. Alright I suppose
12/09/2025,"First time trying this branch, portion was smaller than expected, Could be better could be worse"
12/09/2025,Stopped by after work! food was lukewarm at best! staff seemed a bit stressed tbh! Won't be rushing back
12/09/2025,Grabbed food on my break. Supergreen salad was fresh and filling. Staff were lovely. Deffo coming again
12/09/2025,"Office ordered from here, meatballs were overdone, Hopefully just an off day"
12/09/2025,Came here for lunch - Chargrilled chicken was juicy and well seasoned - 5 stars from me
13/09/2025,Lunch sorted in under 10 minutes and it actually tasted amazing. The falafel wrap with extra chilli sauce is a vibe
13/09/2025,The hot sauce they do goes with absolutely everything. I put it on my chicken box and it elevated it to another level. Highly recommend
13/09/2025,"Solid 8/10. Food is good, service is quick, atmosphere is pleasant. Only loses marks because it is a bit on the expensive side"
13/09/2025,Not great. Found a hair in my food which obviously put me right off. Staff offered a replacement but I'd lost my appetite
14/09/2025,"nah not for me. paid way too much for what I got. tiny portion, no flavour, slow service"
14/09/2025,Second visit this week lol! Seasonal soup was lovely and warming! One of the better chains out there
14/09/2025,Quick lunch stop. Falafel box was excellent. One of the better chains out there
14/09/2025,first time trying this branch. seasonal soup was lovely and warming. quick and efficient as always. see you next week leon
15/09/2025,Its alright. Food is decent but nothing amazing. Had the chicken wrap and it was fine - just a bit bland if im honest. Fries were good though
15/09/2025,Look the food is genuinely nice but I just cannot justify coming here every day at these prices. Once or twice a week max
15/09/2025,Would give zero stars if I could. Chicken was raw in the middle. ACTUALLY RAW. Had to send it back. How does that even happen
15/09/2025,"came for breakfast at 8am. place was quiet, coffee was strong, bacon roll was exactly what I needed. sometimes simplicity is key"
15/09/2025,Office ordered from here! Seasonal soup was lovely and warming! Would recommend to anyone
16/09/2025,"came at lunch and the place was filthy. tables hadnt been wiped down, floor was sticky and the bins were overflowing"
16/09/2025,Best fast food chain in the UK and I will die on this hill. The quality is leagues above everything else
16/09/2025,Brought a friend here who'd never been. She thought it was fine but nothing special. I usually rate it higher so maybe we just caught them on an off day
16/09/2025,v impressed with the gluten free options here. as a coeliac I normally struggle but they were really helpful and the food was just as good
17/09/2025,Best fast food chain in the UK and I will die on this hill. The quality is leagues above everything else
17/09/2025,went with a group of 6 and we all ordered different things. everyone was happy with their food which says a lot really
17/09/2025,Really pleased with my lunch today. Had the grilled chicken salad and it was packed with good stuff
17/09/2025,"Lunch meeting here, Seasonal soup was lovely and warming, App ordering was seamless, Would recommend to anyone"
18/09/2025,The food is good but the queue at lunchtime is insane. Waited 15 minutes to order and then another 10 for food
18/09/2025,"Top notch. Came in for a quick bite before my train and had the falafel box. Fresh, tasty and filling. Can't ask for much more than that"
18/09/2025,Just discovered you can customise your box and add extra bits. Game changer
18/09/2025,Hmm it was ok? I've had better from Leon. The wrap was a bit dry and could've used more sauce. Fries were good tho
19/09/2025,"Coffee was average, food was better. The halloumi box was nice but could've done with more halloumi tbh"
19/09/2025,Its ok. Nothing wrong with it but I wouldnt go out of my way to come here. If im passing and hungry then yeah sure
19/09/2025,The food was nice but the portion was a bit small for what you pay. I had the supergreen salad and was still hungry after
19/09/2025,First time trying this branch! food was lukewarm at best! Not worth the price
19/09/2025,Hmm it was ok? I've had better from Leon. The wrap was a bit dry and could've used more sauce. Fries were good tho
20/09/2025,Finally gave Leon a try. Meatball box was full of flavour. One of the better chains out there
20/09/2025,"Came with a colleague, The chicken wrap was really tasty, Keep it up"
20/09/2025,I eat here probably 3 times a week and I regret nothing. The quality is always there
20/09/2025,Came here for lunch - The wrap was packed and really satisfying - no one seemed to know what was going on - 3/5
20/09/2025,I always recommend Leon to people who say healthy food is boring. One bite of the LOVe burger and they change their minds every time haha
21/09/2025,"Good food, rubbish seating. Why are the tables always so sticky? Give them a wipe please. Chicken box was lovely though :)"
21/09/2025,"Stopped by after work, wrap was falling apart, no one seemed to know what was going on, Alright I suppose"
21/09/2025,Had the vegan royale today and I'm not even vegan but honestly? incredible. The sauce is something else. Bit of a queue at lunch but worth the wait
21/09/2025,"Not bad not bad. Chicken box was nice, fries were a bit soggy though. Would try again"
22/09/2025,Could do with being a bit warmer inside. Food was perfectly fine but eating a salad in a cold restaurant isn't the one
22/09/2025,Not great. Found a hair in my food which obviously put me right off. Staff offered a replacement but I'd lost my appetite
22/09/2025,Dropped in on the way home! portion was smaller than expected! Shame really
22/09/2025,Finally gave Leon a try. Baked fries were properly crispy. Even though it was busy they were quick. 5 stars from me
23/09/2025,"Genuinely one of the worst lunches I've had in a while. The meatball box tasted microwaved. Dry, flavourless, disappointing."
23/09/2025,Best fast food chain in the UK and I will die on this hill. The quality is leagues above everything else
23/09/2025,It's a reliable 7/10 every time. Never blows me away but never disappoints. Consistent decency. Had the chicken wrap 👍
23/09/2025,"Absolute rip off. Tiny portions, mediocre food, and they have the nerve to charge nearly a tenner. Greggs down the road is better value and tastier"
23/09/2025,"coffee was average, food was better. the halloumi box was nice but could've done with more halloumi tbh"
24/09/2025,Finally gave Leon a try - Sweet potato fries were banging - App ordering was seamless - Keep it up
24/09/2025,Nipped in before my train. wrap was falling apart. It's fine!!
24/09/2025,Ordered through the app and it wasnt ready when I arrived even though it said it would be. Waited another 5 mins. Food was fine
24/09/2025,Horrible experience today. Staff seemed completely disinterested and my order was wrong twice. Food was barely warm
25/09/2025,So glad there's a Leon near my office now. Makes lunch decisions so much easier
25/09/2025,Nipped in before my train - Falafel box was excellent - 3/5
25/09/2025,half the menu seemed unavailable today which was annoying. ended up with the chicken box which was nice enough
25/09/2025,Came with a colleague - fries were soggy unfortunately - Expected better tbh
26/09/2025,"Chicken tasted reheated, salad was wilted, and they charged me extra for a sauce that never arrived. Not happy"
26/09/2025,Swung by for a quick bite. Sweet potato fries were banging. Got my food in no time. One of the better chains out there
26/09/2025,"Staff were rude, food was rubbish, place was dirty. The unholy trinity. Won't be coming back"
26/09/2025,"Second visit this week lol, Chargrilled chicken was juicy and well seasoned, Would recommend to anyone"
27/09/2025,Just had the best lunch I've had in ages. Chicken and chorizo box with the chargrilled veg. Everything was perfect
27/09/2025,Came here for lunch - Chicken nuggets were a hit - It's fine
27/09/2025,Needed something quick! The vegan box surprised me - really good! Keep it up. exactly what you need when its grey outside
27/09/2025,Came with a colleague! Falafel box was excellent! Not bad
28/09/2025,Honestly Leon is the only chain restaurant that consistently delivers. Had the chicken wrap again (shocking I know) and it was perfect
28/09/2025,Third time this month I think! The halloumi wrap was gorgeous! Keep it up
28/09/2025,This place never lets me down. I come here at least twice a week for the Brazilian chicken. It's just so good and I don't feel gross after like I do with McDonalds lol
28/09/2025,This is my comfort place honestly. Whenever I don't know what to have for lunch I just come here and get the chicken box. Never once been let down
28/09/2025,Hmm it was ok? I've had better from Leon. The wrap was a bit dry and could've used more sauce. Fries were good tho
29/09/2025,"Dropped in on the way home, Meatball box was full of flavour, Does the job"
29/09/2025,the food was cold when it arrived. like properly cold not just 'not hot'. really frustrating
29/09/2025,"came here with my mate after work, we both had the LOVe burger and shared some fries. proper good. portions are generous too which is always a plus"
29/09/2025,Really impressed with the food quality here. Had the chargrilled chicken wrap with extra sauce and a superfood salad on the side. Everything tasted fresh and vibrant.
30/09/2025,Second visit this week lol - Baked fries were properly crispy - Not bad
30/09/2025,Got the kids meal for my daughter and she absolutely loved it. Nice to have a fast food option I don't feel guilty about giving her!!
30/09/2025,alright i guess. the falafel was a bit dry compared to last time. sweet potato fries saved it. won't put me off coming back though
30/09/2025,Ordered on the app! Meatball box was full of flavour! 3/5
01/10/2025,Mate dragged me here! Baked fries were properly crispy! Not bad
01/10/2025,Third time this month I think! Falafel box was excellent! Would recommend to anyone
01/10/2025,Honestly shocked at how bad this was. I love the Leon near my house but this branch is clearly not bothered. Food was grim
01/10/2025,Had the seasonal salad and it was ok. A bit overdressed for my taste. The chicken was good but the leaves were sad looking
01/10/2025,Popped in today - The halloumi wrap was gorgeous - Love this place
02/10/2025,been coming here for a while now - fries were soggy unfortunately - alright i suppose
02/10/2025,First time trying this branch - Falafel box was excellent - Alright I suppose
02/10/2025,Massively disappointing. Had the LOVe burger and it was cold and dry. For the price they charge you'd expect better. Won't be rushing back
02/10/2025,"Not bad not bad. Chicken box was nice, fries were a bit soggy though. Would try again"
03/10/2025,second visit this week lol. seasonal soup was lovely and warming. top stuff
03/10/2025,"Stopped by after work, Falafel box was excellent, Not bad!!"
03/10/2025,brought my partner here for the first time and she loved it! she had the vegan wrap and said it was the best she'd had from a chain. big praise from her trust me
03/10/2025,Came here for lunch! Chicken nuggets were a hit! Proper pleased with that
04/10/2025,Office ordered from here. wrap was falling apart. Expected better tbh
04/10/2025,Walked past and thought why not. Seasonal soup was lovely and warming. Might come back
04/10/2025,"second visit this week lol, chicken nuggets were a hit, proper pleased with that"
04/10/2025,Don't bother. Got the meatball wrap and it was basically empty. Like 3 meatballs in a massive wrap with some sauce. Pathetic
05/10/2025,So glad there's a Leon near my office now. Makes lunch decisions so much easier
05/10/2025,Dropped in on the way home! Meatball box was full of flavour! Proper pleased with that
05/10/2025,Came for breakfast actually! The halloumi wrap was gorgeous! See you next week Leon. perfect for this chilly weather!!
05/10/2025,Popped in today - Meatball box was full of flavour - Staff were lovely - See you next week Leon
06/10/2025,Lunch sorted in under 10 minutes and it actually tasted amazing. The falafel wrap with extra chilli sauce is a vibe
06/10/2025,Always pop in here when I'm in town shopping. The grilled chicken salad box never disappoints and the staff are always so cheerful
06/10/2025,Mate dragged me here. Supergreen salad was fresh and filling. It's fine
06/10/2025,"Nipped in before my train, Falafel box was excellent, 5 stars from me"
06/10/2025,"second visit this week lol, meatballs were overdone, had to wait ages, bit disappointed overall lol"
07/10/2025,"Stopped by after work, Supergreen salad was fresh and filling, App ordering was seamless, Can't fault it really"
07/10/2025,Stopped by after work. Sweet potato fries were banging. Can't fault it really
07/10/2025,"Lunch meeting here, LOVe burger was spot on, Even though it was busy they were quick, Proper pleased with that"
07/10/2025,Came here for lunch - Baked fries were properly crispy - Service was spot on - Would recommend to anyone. nice to warm up on a cold day
08/10/2025,lunch meeting here! the vegan box surprised me - really good! proper pleased with that. exactly what you need when its grey outside!!
08/10/2025,"Absolute rip off. Tiny portions, mediocre food, and they have the nerve to charge nearly a tenner. Greggs down the road is better value and tastier"
08/10/2025,Great spot for a healthy-ish lunch when you're sick of Pret. Had the grilled halloumi wrap - really tasty
08/10/2025,Horrible experience today. Staff seemed completely disinterested and my order was wrong twice. Food was barely warm
09/10/2025,"If you haven't tried the baked fries yet you're missing out. They're crispy, well seasoned, and way better than regular chips!!"
09/10/2025,"Office ordered from here, Supergreen salad was fresh and filling, Staff were really helpful with allergens, Love this place"
09/10/2025,This place never lets me down. I come here at least twice a week for the Brazilian chicken. It's just so good and I don't feel gross after like I do with McDonalds lol
09/10/2025,Dropped in on the way home! salad looked a bit sad! staff seemed a bit stressed tbh! Not worth the price
10/10/2025,First time trying this branch - The chicken wrap was really tasty - Service was spot on - Can't fault it really
10/10/2025,"Not bad not bad. Chicken box was nice, fries were a bit soggy though. Would try again"
10/10/2025,"First time trying this branch, Chargrilled chicken was juicy and well seasoned, Staff were lovely, See you next week Leon. perfect for this chilly weather!!"
10/10/2025,"Everything was spot on today. Quick service, food was hot and fresh, and the portions were decent. Had the Moroccan meatball box. Really satisfying lunch"
10/10/2025,Bit disappointed with the portion sizes lately. The box used to be more generous. Food quality is still there though so thats something
11/10/2025,"really let down by this branch. i love leon normally but this was a shambles. wrong order, cold food, staff didn't seem to care"
11/10/2025,Lunch meeting here! portion was smaller than expected! Does the job
11/10/2025,Just had the best lunch I've had in ages. Chicken and chorizo box with the chargrilled veg. Everything was perfect
11/10/2025,Quick lunch stop. salad looked a bit sad. App ordering was seamless. Does the job. great autumn lunch option
11/10/2025,my go to order is the chicken wrap with extra aioli and baked fries. never fails. today was no exception
12/10/2025,Popped in today - Supergreen salad was fresh and filling - One of the better chains out there
12/10/2025,"Staff were rude, food was rubbish, place was dirty. The unholy trinity. Won't be coming back :)"
12/10/2025,look the food is genuinely nice but i just cannot justify coming here every day at these prices. once or twice a week max
12/10/2025,Liked the food but the restaurant was absolutely freezing. Like uncomfortably cold. Had to eat with my coat on
12/10/2025,Been coming here for a while now - The wrap was packed and really satisfying - Keep it up
13/10/2025,mate recommended this place and he was spot on. had the chicken wrap and sweet potato fries. both were class. cheers dave
13/10/2025,Love the concept hate the prices. It's just too much for fast food. The food IS good though so I keep coming back like a mug
13/10/2025,Nipped in before my train - salad looked a bit sad - Could be better could be worse
13/10/2025,it does the job. when you need something quick and relatively healthy leon is there. not exciting but dependable
14/10/2025,Absolutely rate this place. Had the superfood salad with chicken and the portions were decent for the price
14/10/2025,"Popped in today, salad looked a bit sad, Probably won't come again"
14/10/2025,Ordered on the app. The wrap was packed and really satisfying. staff seemed a bit stressed tbh. 3/5
14/10/2025,Finally gave Leon a try. Chicken nuggets were a hit. One of the better chains out there
15/10/2025,Nipped in before my train. Baked fries were properly crispy. 5 stars from me!!
15/10/2025,Bit busy at lunchtime but that's to be expected innit. Food was worth the short wait. Brazilian chicken box was banging
15/10/2025,Honestly a 3.5 out of 5 from me. Food is tasty but the value for money just isnt quite there
15/10/2025,Popped in today - salad looked a bit sad - It's fine
16/10/2025,"Chicken was good, rice was good, but the whole thing needed more sauce. Felt a bit dry. Decent meal overall just not amazing"
16/10/2025,"Really let down by this branch. I love Leon normally but this was a shambles. Wrong order, cold food, staff didn't seem to care"
16/10/2025,"love leon!! the sweet potato falafel wrap is my go to. always consistent, always delicious. the staff here are so lovely too x"
16/10/2025,Actually managed to find a seat at lunchtime for once. Sat in and had the meatball box. So so good. Need to come at quieter times more often...
16/10/2025,Swung by for a quick bite! The vegan box surprised me - really good! App ordering was seamless! 5 stars from me. nice to warm up on a cold day
17/10/2025,The app said 5 min wait. I waited 25. When I finally got my food it was wrong AND cold. Absolute joke
17/10/2025,Honestly shocked at how bad this was. I love the Leon near my house but this branch is clearly not bothered. Food was grim
17/10/2025,"Grabbed food on my break, Chicken nuggets were a hit, Got my food in no time, Proper pleased with that"
17/10/2025,"Not bad not bad. Chicken box was nice, fries were a bit soggy though. Would try again"
17/10/2025,Stopped by after work. The wrap was packed and really satisfying. The team here are always friendly. Top stuff
18/10/2025,Look the food is genuinely nice but I just cannot justify coming here every day at these prices. Once or twice a week max
18/10/2025,Walked past and thought why not - The vegan box surprised me - rlly good - 5 stars from me
18/10/2025,"Came for breakfast actually, The vegan box surprised me - really good, Quick and efficient as always, Highly recommend"
18/10/2025,Went for the seasonal salad and it was really fresh and flavourful. Nice change from the usual lunch options round here
19/10/2025,Needed something quick. The halloumi wrap was gorgeous. Proper pleased with that
19/10/2025,"10/10 would recommend. The food is fresh, the portions are fair, and the staff are always helpful"
19/10/2025,went with a group of 6 and we all ordered different things. everyone was happy with their food which says a lot really
19/10/2025,"Top notch. Came in for a quick bite before my train and had the falafel box. Fresh, tasty and filling. Can't ask for much more than that"
19/10/2025,It does the job. When you need something quick and relatively healthy Leon is there. Not exciting but dependable
20/10/2025,It's a reliable 7/10 every time. Never blows me away but never disappoints. Consistent decency. Had the chicken wrap
20/10/2025,This place never lets me down. I come here at least twice a week for the Brazilian chicken. It's just so good and I don't feel gross after like I do with McDonalds lol
20/10/2025,Food was solid but the seating area was cramped. Ended up eating on top of the person next to me
20/10/2025,The fact that Leon exists makes my work week bearable. That's my review. 5 stars.
21/10/2025,"The app ordering is dead handy. Placed my order on the bus, walked in and it was ready. Love it when places actually have their tech sorted"
21/10/2025,"Really nice atmosphere, food came out fast and tasted great. Had the moroccan meatballs which were 10/10. Would happily eat here every day if my wallet allowed it!"
21/10/2025,Walked past and thought why not - Meatball box was full of flavour - Keep it up
21/10/2025,Needed something quick. everything tasted a bit bland. Hopefully just an off day
22/10/2025,First time trying this branch - everything tasted a bit bland - they got my order wrong - Won't be rushing back
22/10/2025,First time trying this branch! the rice was a bit clumpy! Shame really
22/10/2025,mate recommended this place and he was spot on. had the chicken wrap and sweet potato fries. both were class. cheers dave!!
22/10/2025,"Good food, rubbish seating. Why are the tables always so sticky? Give them a wipe please. Chicken box was lovely though"
23/10/2025,Its ok. Nothing wrong with it but I wouldnt go out of my way to come here. If im passing and hungry then yeah sure
23/10/2025,its alright. food is decent but nothing amazing. had the chicken wrap and it was fine - just a bit bland if im honest. fries were good though
23/10/2025,Went for the seasonal salad and it was really fresh and flavourful. Nice change from the usual lunch options round here
23/10/2025,Grabbed food on my break! Brazilian chicken was incredible! Top stuff
24/10/2025,been coming here for a while now! everything tasted a bit bland! queue was ridiculous! probably won't come again
24/10/2025,Walked past and thought why not! meatballs were overdone! they got my order wrong! Won't be rushing back
24/10/2025,Had the vegan royale today and I'm not even vegan but honestly? incredible. The sauce is something else. Bit of a queue at lunch but worth the wait
24/10/2025,Hmm it was ok? I've had better from Leon. The wrap was a bit dry and could've used more sauce. Fries were good tho
25/10/2025,"Ordered on the app, The vegan box surprised me - really good, Love this place"
25/10/2025,Bit busy at lunchtime but that's to be expected innit. Food was worth the short wait. Brazilian chicken box was banging
25/10/2025,"10/10 would recommend. The food is fresh, the portions are fair, and the staff are always helpful"
25/10/2025,me and the girls came here after shopping and it was just what we needed. sharing plates and wraps all round
26/10/2025,Office ordered from here! salad looked a bit sad! service was painfully slow! Bit disappointed overall
26/10/2025,Been coming here for a while now! Meatball box was full of flavour! Quick and efficient as always! 5 stars from me
26/10/2025,"such a reliable option when i cant be bothered to cook. ordered through the app, picked it up in 5 mins flat. chicken wrap was mint as always"
26/10/2025,Needed something quick! The halloumi wrap was gorgeous! Would recommend to anyone
27/10/2025,Walked past and thought why not! Sweet potato fries were banging! Love this place
27/10/2025,the nuggets here are properly good. none of that processed rubbish. my kids go mental for them
27/10/2025,"Dropped in on the way home, portion was smaller than expected, Won't be rushing back"
27/10/2025,"Dropped in on the way home, chicken was a bit dry, Expected better tbh"
28/10/2025,Lunch sorted in under 10 minutes and it actually tasted amazing. The falafel wrap with extra chilli sauce is a vibe
28/10/2025,Never again. Ordered the chicken box and it was so dry I nearly choked. Zero seasoning. Fries were bendy and sad. Waste of money
28/10/2025,Came for breakfast actually! Brazilian chicken was incredible! Deffo coming again
28/10/2025,Had the seasonal soup and a bread roll. Soup was piping hot and really flavourful. Perfect for this weather
28/10/2025,"Genuinely one of the worst lunches I've had in a while. The meatball box tasted microwaved. Dry, flavourless, disappointing"
29/10/2025,Been coming here for a while now! Seasonal soup was lovely and warming! App ordering was seamless! Deffo coming again
29/10/2025,"10/10 would recommend. The food is fresh, the portions are fair, and the staff are always helpful"
29/10/2025,"Quick lunch stop, The halloumi wrap was gorgeous, Service was spot on, Not bad"
29/10/2025,Ordered on the app! Seasonal soup was lovely and warming! App ordering was seamless! 5 stars from me
30/10/2025,"Coffee was average, food was better. The halloumi box was nice but could've done with more halloumi tbh"
30/10/2025,"good food, rubbish seating. why are the tables always so sticky? give them a wipe please. chicken box was lovely though"
30/10/2025,"Massive fan of this place. The sweet potato falafel wrap is unreal - crispy, flavourful, filling"
30/10/2025,"Grabbed food on my break, everything tasted a bit bland, Expected better tbh"
31/10/2025,Look I'm not the type to leave reviews but this place deserves one. Consistently good food every single time I visit
31/10/2025,LOVE the fact they do proper gluten free options. Had the GF chicken wrap and you genuinely couldn't tell the difference
31/10/2025,"Been coming here for a while now, Meatball box was full of flavour, service was painfully slow, 3/5"
31/10/2025,brought my partner here for the first time and she loved it! she had the vegan wrap and said it was the best she'd had from a chain. big praise from her trust me
31/10/2025,Half the menu seemed unavailable today which was annoying. Ended up with the chicken box which was nice enough
01/11/2025,"mate dragged me here, baked fries were properly crispy, love this place"
01/11/2025,"Massive fan of this place. The sweet potato falafel wrap is unreal - crispy, flavourful, filling"
01/11/2025,"popped in today, brazilian chicken was incredible, even though it was busy they were quick, highly recommend :)"
01/11/2025,could do with being a bit warmer inside. food was perfectly fine but eating a salad in a cold restaurant isn't the one
02/11/2025,Best fast food chain in the UK and I will die on this hill. The quality is leagues above everything else
02/11/2025,"Walked past and thought why not, chicken was a bit dry, no one seemed to know what was going on, Expected better tbh"
02/11/2025,Office ordered from here - Seasonal soup was lovely and warming - Staff were really helpful with allergens - Might come back
02/11/2025,tried the new seasonal menu item today and it was really good! nice to see they keep things fresh
03/11/2025,sorry but ten quid for a mediocre wrap and some sad looking fries is a joke. the food was bland and the portion was tiny
03/11/2025,Went for the seasonal salad and it was really fresh and flavourful. Nice change from the usual lunch options round here
03/11/2025,food was good but they got my order wrong. I asked for no onions and there were onions everywhere. Staff apologised though
03/11/2025,Best fast food chain in the UK and I will die on this hill. The quality is leagues above everything else
03/11/2025,"Walked past and thought why not, The vegan box surprised me - really good, Love this place. nice to warm up on a cold day"
04/11/2025,Don't bother. Got the meatball wrap and it was basically empty. Like 3 meatballs in a massive wrap with some sauce. Pathetic
04/11/2025,"came for breakfast at 8am. place was quiet, coffee was strong, bacon roll was exactly what I needed. sometimes simplicity is key"
04/11/2025,"First time trying this branch, Supergreen salad was fresh and filling, 3/5. great autumn lunch option"
04/11/2025,Finally gave Leon a try - LOVe burger was spot on - Could be better could be worse
04/11/2025,Stopped by after work. the rice was a bit clumpy. 3/5
05/11/2025,Finally gave Leon a try. Meatball box was full of flavour. Highly recommend
05/11/2025,Great spot for a healthy-ish lunch when you're sick of Pret. Had the grilled halloumi wrap - really tasty
05/11/2025,"First time trying this branch, The wrap was packed and really satisfying, Got my food in no time, Love this place"
05/11/2025,had the vegan royale today and i'm not even vegan but honestly? incredible. the sauce is something else. bit of a queue at lunch but worth the wait...
06/11/2025,Third time this month I think! Sweet potato fries were banging! Deffo coming again. exactly what you need when its grey outside
06/11/2025,Office ordered from here - The halloumi wrap was gorgeous - Staff were really helpful with allergens - See you next week Leon
06/11/2025,Fine for what it is. I go for the convenience more than anything. It's right next to my office and beats a sad desk sandwich
06/11/2025,I was veggie for years and Leon was always my go to. Now I eat chicken again their menu is even better. The grilled chicken box is elite
07/11/2025,"Office ordered from here, Falafel box was excellent, Would recommend to anyone"
07/11/2025,"came here with my mate after work, we both had the LOVe burger and shared some fries. proper good. portions are generous too which is always a plus"
07/11/2025,Grabbed food on my break! The wrap was packed and really satisfying! Service was spot on! Highly recommend
07/11/2025,Quick lunch stop! portion was smaller than expected! no one seemed to know what was going on! Not worth the price
08/11/2025,Second visit this week lol. Supergreen salad was fresh and filling. Love this place
08/11/2025,Could do with being a bit warmer inside. Food was perfectly fine but eating a salad in a cold restaurant isn't the one
08/11/2025,Popped in today! Supergreen salad was fresh and filling! Can't fault it really
08/11/2025,tried leon for the first time today. the halloumi box was delicious and i loved the vibe of the place. will be back for sure
08/11/2025,"Absolute rip off. Tiny portions, mediocre food, and they have the nerve to charge nearly a tenner. Greggs down the road is better value and tastier"
09/11/2025,The food was nice but the portion was a bit small for what you pay. I had the supergreen salad and was still hungry after :)
09/11/2025,This Leon does cracking breakfast. Scrambled eggs on sourdough with a flat white. Proper start to the day
09/11/2025,Mate dragged me here! Chicken nuggets were a hit! Staff were lovely! Top stuff
09/11/2025,Swung by after the gym and the chicken box hit different when you're properly hungry. Portions are legit here
10/11/2025,Mate dragged me here - Seasonal soup was lovely and warming - One of the better chains out there
10/11/2025,v impressed with the gluten free options here. as a coeliac i normally struggle but they were really helpful and the food was just as good
10/11/2025,mate dragged me here! the chicken wrap was really tasty! the team here are always friendly! proper pleased with that
10/11/2025,lunch meeting here. wrap was falling apart. hopefully just an off day
10/11/2025,"Really nice atmosphere, food came out fast and tasted great. Had the moroccan meatballs which were 10/10. Would happily eat here every day if my wallet allowed it x"
11/11/2025,Been coming here for a while now - Falafel box was excellent - Quick and efficient as always - Top stuff
11/11/2025,Look I'm not the type to leave reviews but this place deserves one. Consistently good food every single time I visit
11/11/2025,Stopped by after work. The wrap was packed and really satisfying. It's fine
11/11/2025,Half the menu seemed unavailable today which was annoying. Ended up with the chicken box which was nice enough
11/11/2025,"Nice food, nice people. Got the LOVe burger combo and it was well good. The drink options are class too - had the ginger kombucha"
12/11/2025,First time trying this branch! The wrap was packed and really satisfying! Could be better could be worse
12/11/2025,Third time this month I think! Falafel box was excellent! The team here are always friendly! Love this place
12/11/2025,Grabbed food on my break - everything tasted a bit bland - Could be better could be worse
12/11/2025,"Nice food, nice people. Got the LOVe burger combo and it was well good. The drink options are class too - had the ginger kombucha"
13/11/2025,Bit busy at lunchtime but that's to be expected innit. Food was worth the short wait. Brazilian chicken box was banging
13/11/2025,Lunch meeting here. Meatball box was full of flavour. The team here are always friendly. Can't fault it really
13/11/2025,"came here with my mate after work, we both had the LOVe burger and shared some fries. proper good. portions are generous too which is always a plus"
13/11/2025,Service was a bit slow today which is unusual. Food was nice when it eventually came though. Had the moroccan meatballs
14/11/2025,swung by after the gym and the chicken box hit different when you're properly hungry. portions are legit here
14/11/2025,"Swung by for a quick bite, Chicken nuggets were a hit, Staff were lovely, Love this place"
14/11/2025,"Chicken tasted reheated, salad was wilted, and they charged me extra for a sauce that never arrived. Not happy"
14/11/2025,Walked past and thought why not! Brazilian chicken was incredible! Can't fault it rlly
14/11/2025,"Dropped in on the way home, Baked fries were properly crispy, Even though it was busy they were quick, Highly recommend"
15/11/2025,"Came for breakfast actually, salad looked a bit sad, Even though it was busy they were quick, Might come back"
15/11/2025,wish the portions were a bit bigger for the price. i always leave thinking i could've eaten more. quality is there though
15/11/2025,Lunch meeting here! food was lukewarm at best! Alright I suppose
15/11/2025,Mate dragged me here. Brazilian chicken was incredible. Staff were lovely. Would recommend to anyone
15/11/2025,The hot sauce they do goes with absolutely everything. I put it on my chicken box and it elevated it to another level. Highly recommend
16/11/2025,Third time this month I think - Baked fries were properly crispy - Can't fault it really
16/11/2025,"Absolute rip off. Tiny portions, mediocre food, and they have the nerve to charge nearly a tenner. Greggs down the road is better value and tastier"
16/11/2025,"Ordered on the app, The vegan box surprised me - really good, Even though it was busy they were quick, 5 stars from me"
16/11/2025,Walked past and thought why not. LOVe burger was spot on. Not bad. perfect for this chilly weather
17/11/2025,"10/10 would recommend. The food is fresh, the portions are fair, and the staff are always helpful"
17/11/2025,Second visit this week lol. Brazilian chicken was incredible. App ordering was seamless. Top stuff
17/11/2025,My go to order is the chicken wrap with extra aioli and baked fries. Never fails. Today was no exception
17/11/2025,"Walked past and thought why not, Baked fries were properly crispy, Proper pleased with that"
18/11/2025,Look the food is genuinely nice but I just cannot justify coming here every day at these prices. Once or twice a week max
18/11/2025,My favourite lunch spot in the area hands down. The menu has enough variety that I never get bored and everything I've tried has been quality
18/11/2025,"grabbed food on my break, brazilian chicken was incredible, love this place"
18/11/2025,Picked up a couple of wraps for me and the missus on the way home. Both really enjoyed them. Easy dinner sorted
18/11/2025,Had the seasonal salad and it was ok. A bit overdressed for my taste. The chicken was good but the leaves were sad looking
19/11/2025,"Mate dragged me here, Sweet potato fries were banging, Can't fault it really"
19/11/2025,"Second visit this week lol, Falafel box was excellent, Might come back"
19/11/2025,Took my kids here and they actually ate everything without complaining which is basically a miracle. The chicken nuggets went down a treat and the staff were patient with us
19/11/2025,Office ordered from here - The halloumi wrap was gorgeous - Quick and efficient as always - Top stuff
20/11/2025,"Came for breakfast actually, food was lukewarm at best, 3/5!!"
20/11/2025,Always pop in here when I'm in town shopping. The grilled chicken salad box never disappoints and the staff are always so cheerful
20/11/2025,"came here with my mate after work, we both had the LOVe burger and shared some fries. proper good. portions are generous too which is always a plus"
20/11/2025,me and the girls came here after shopping and it was just what we needed. sharing plates and wraps all round
21/11/2025,Office ordered from here - The vegan box surprised me - really good - Quick and efficient as always - Highly recommend
21/11/2025,Massively disappointing. Had the LOVe burger and it was cold and dry. For the price they charge you'd expect better. Won't be rushing back
21/11/2025,Just discovered you can customise your box and add extra bits. Game changer
21/11/2025,"Solid 8/10. Food is good, service is quick, atmosphere is pleasant. Only loses marks because it is a bit on the expensive side!!"
21/11/2025,Bit busy at lunchtime but that's to be expected innit. Food was worth the short wait. Brazilian chicken box was banging
22/11/2025,Office ordered from here. everything tasted a bit bland. It's fine!!
22/11/2025,I always recommend Leon to people who say healthy food is boring. One bite of the LOVe burger and they change their minds every time haha
22/11/2025,"Popped in for a quick lunch and honestly couldn't fault it. The LOVe burger was banging, chips were crispy and the staff were dead friendly. Will deffo be back"
22/11/2025,Don't bother. Got the meatball wrap and it was basically empty. Like 3 meatballs in a massive wrap with some sauce. Pathetic lol
23/11/2025,Liked the food but the restaurant was absolutely freezing. Like uncomfortably cold. Had to eat with my coat on
23/11/2025,Decent. Had the chicken box with the baked fries and it hit the spot. Service was quick which is what you want on a lunch break. 4/5
23/11/2025,Lunch meeting here! fries were soggy unfortunately! staff seemed a bit stressed tbh! Expected better tbh
23/11/2025,"Clean restaurant, friendly staff, great food. The holy trinity"
24/11/2025,Finally a fast food place that doesn't leave me feeling like I need a nap after. Had the grilled chicken salad. Energised and full. What a concept
24/11/2025,Had the seasonal salad and it was ok. A bit overdressed for my taste. The chicken was good but the leaves were sad looking
24/11/2025,brought my partner here for the first time and she loved it! she had the vegan wrap and said it was the best she'd had from a chain. big praise from her trust me
24/11/2025,had better days here. the salad was a bit limp and the dressing was minimal. chicken was nice at least. 3/5
25/11/2025,Second visit this week lol - Chargrilled chicken was juicy and well seasoned - Top stuff
25/11/2025,sorry but ten quid for a mediocre wrap and some sad looking fries is a joke. the food was bland and the portion was tiny
25/11/2025,Just had the best lunch I've had in ages. Chicken and chorizo box with the chargrilled veg. Everything was perfect!!
25/11/2025,Finally gave Leon a try - Seasonal soup was lovely and warming - Could be better could be worse. perfect for this chilly weather
26/11/2025,"Quick lunch stop, fries were soggy unfortunately, Probably won't come again"
26/11/2025,"Came with a colleague, Brazilian chicken was incredible, Would recommend to anyone"
26/11/2025,"Stopped by after work, Supergreen salad was fresh and filling, Staff were lovely, Can't fault it really"
26/11/2025,Love the concept hate the prices. It's just too much for fast food. The food IS good though so I keep coming back like a mug
26/11/2025,Ordered through the app and it wasnt ready when I arrived even though it said it would be. Waited another 5 mins. Food was fine
27/11/2025,Came here for lunch - salad looked a bit sad - Not worth the price
27/11/2025,Nice enough place but a bit overpriced imo. 9 quid for a wrap and a drink is steep when you can get a meal deal for 3.50 round the corner
27/11/2025,"such a reliable option when i cant be bothered to cook. ordered through the app, picked it up in 5 mins flat. chicken wrap was mint as always"
27/11/2025,"chicken tasted reheated, salad was wilted, and they charged me extra for a sauce that never arrived. not happy"
28/11/2025,Stopped by after work! The vegan box surprised me - really good! queue was ridiculous! 3/5
28/11/2025,"top notch. came in for a quick bite before my train and had the falafel box. fresh, tasty and filling. can't ask for much more than that"
28/11/2025,Popped in today - Chargrilled chicken was juicy and well seasoned - Quick and efficient as always - Would recommend to anyone :)
28/11/2025,Swung by for a quick bite - Chargrilled chicken was juicy and well seasoned - Even though it was busy they were quick - Love this place
29/11/2025,"Nice food, nice people. Got the LOVe burger combo and it was well good. The drink options are class too - had the ginger kombucha"
29/11/2025,Swung by for a quick bite - Falafel box was excellent - Staff were lovely - Keep it up x
29/11/2025,Finally gave Leon a try - Chicken nuggets were a hit - Staff were lovely - Can't fault it really
29/11/2025,food was good but they got my order wrong. I asked for no onions and there were onions everywhere. Staff apologised though
30/11/2025,"Swung by for a quick bite, Chargrilled chicken was juicy and well seasoned, The team here are always friendly, One of the better chains out there"
30/11/2025,The food is good but the queue at lunchtime is insane. Waited 15 minutes to order and then another 10 for food
30/11/2025,I don't get the hype around this place. It's just expensive fast food with a health label slapped on it
30/11/2025,Second visit this week lol. Brazilian chicken was incredible. Staff were really helpful with allergens. Love this place
01/12/2025,Came with a colleague! LOVe burger was spot on! App ordering was seamless! Highly recommend
01/12/2025,"I like Leon conceptually but this branch can be a bit inconsistent. Sometimes amazing, sometimes rushed"
01/12/2025,Lunch meeting here. Meatball box was full of flavour. Staff were lovely. It's fine
01/12/2025,Had the vegan wrap. Taste was good but it fell apart immediately which was messy and annoying
02/12/2025,Came for breakfast actually! food was lukewarm at best! Not worth the price
02/12/2025,Popped in today - Meatball box was full of flavour - Staff were really helpful with allergens - Love this place
02/12/2025,Stopped by after work - The wrap was packed and really satisfying - Got my food in no time - Highly recommend
02/12/2025,Mate dragged me here - Seasonal soup was lovely and warming - Will be back for sure
03/12/2025,Honestly Leon is the only chain restaurant that consistently delivers. Had the chicken wrap again (shocking I know) and it was perfect
03/12/2025,"Lunch meeting here, Sweet potato fries were banging, Love this place"
03/12/2025,"Came here for lunch, wrap was falling apart, Bit disappointed overall"
03/12/2025,Just had the best lunch I've had in ages. Chicken and chorizo box with the chargrilled veg. Everything was perfect
04/12/2025,"Really nice atmosphere, food came out fast and tasted great. Had the moroccan meatballs which were 10/10. Would happily eat here every day if my wallet allowed it!"
04/12/2025,Just discovered you can customise your box and add extra bits. Game changer
04/12/2025,Lunch meeting here - Supergreen salad was fresh and filling - Proper pleased with that!!
04/12/2025,"Second visit this week lol, Meatball box was full of flavour, 5 stars from me"
05/12/2025,Liked the food but the restaurant was absolutely freezing. Like uncomfortably cold. Had to eat with my coat on
05/12/2025,Its ok. Nothing wrong with it but I wouldnt go out of my way to come here. If im passing and hungry then yeah sure
05/12/2025,The brownies here are absolutely lethal. I came in for a healthy lunch and left with a brownie and zero regrets
05/12/2025,"Dropped in on the way home, food was lukewarm at best, Does the job"
06/12/2025,Had the LOVe burger with baked fries and honestly its the best value meal around here for the quality you get
06/12/2025,"Lunch meeting here, Meatball box was full of flavour, 5 stars from me"
06/12/2025,"stopped by on my way to the station and grabbed a chicken wrap. quick service, tasty food, what more do you want really"
06/12/2025,Grabbed food on my break - fries were soggy unfortunately - Expected better tbh
07/12/2025,not gonna lie I was skeptical about 'healthy fast food' but Leon actually slaps. Had the LOVe burger and it was genuinely delicious. converted.
07/12/2025,Needed something quick - portion was smaller than expected - Might come back
07/12/2025,Office ordered from here - Sweet potato fries were banging - 3/5. ideal comfort food for winter honestly
07/12/2025,honestly a 3.5 out of 5 from me. food is tasty but the value for money just isnt quite there
07/12/2025,Finally gave Leon a try - Meatball box was full of flavour - Service was spot on - Deffo coming again
08/12/2025,3 stars. It's fine. Not life changing but not bad either. I go when I want something quick and vaguely healthy
08/12/2025,"stopped by on my way to the station and grabbed a chicken wrap. quick service, tasty food, what more do you want really"
08/12/2025,Had the seasonal salad and it was ok. A bit overdressed for my taste. The chicken was good but the leaves were sad looking
08/12/2025,Used to love Leon but the quality has gone right downhill. Everything tastes like its been sitting there for ages
08/12/2025,Came for breakfast actually! Seasonal soup was lovely and warming! The team here are always friendly! 3/5 👍
09/12/2025,food was good but they got my order wrong. I asked for no onions and there were onions everywhere. Staff apologised though
09/12/2025,"Had the Brazilian chicken bowl and it was heavenly. The rice was fluffy, chicken was perfectly seasoned. Chef's kiss"
09/12/2025,"Came for breakfast actually, Meatball box was full of flavour, Proper pleased with that"
09/12/2025,Third time this month I think. The chicken wrap was really tasty. Top stuff
09/12/2025,Nipped in before my train. Chargrilled chicken was juicy and well seasoned. Even though it was busy they were quick. Will be back for sure
10/12/2025,"10/10 would recommend. The food is fresh, the portions are fair, and the staff are always helpful"
10/12/2025,First time trying this branch! portion was smaller than expected! Bit disappointed overall
10/12/2025,Came with a colleague. Chicken nuggets were a hit. Staff were lovely. Deffo coming again
10/12/2025,Brought a friend here who'd never been. She thought it was fine but nothing special. I usually rate it higher so maybe we just caught them on an off day
10/12/2025,Grabbed food on my break. salad looked a bit sad. Not worth the price...
11/12/2025,"Grabbed food on my break, Meatball box was full of flavour, Will be back for sure"
11/12/2025,"nah not for me. paid way too much for what I got. tiny portion, no flavour, slow service"
11/12/2025,"Fair play Leon, the new menu items are banging. Had the spiced cauliflower thing and it was well tasty"
11/12/2025,Not great. Found a hair in my food which obviously put me right off. Staff offered a replacement but I'd lost my appetite
11/12/2025,Honestly a 3.5 out of 5 from me. Food is tasty but the value for money just isnt quite there
12/12/2025,Second visit this week lol - The wrap was packed and really satisfying - Will be back for sure
12/12/2025,So glad there's a Leon near my office now. Makes lunch decisions so much easier
12/12/2025,Quick lunch stop! The vegan box surprised me - rlly good! Even though it was busy they were quick! Can't fault it really. warming food on a bitter cold day
12/12/2025,me and the girls came here after shopping and it was just what we needed. sharing plates and wraps all round
12/12/2025,First time at Leon and wow. Had the chicken wrap with the aioli and it was unreal. Nice to have a fast food option that doesnt make you feel like rubbish after
13/12/2025,"Fair play Leon, the new menu items are banging. Had the spiced cauliflower thing and it was well tasty"
13/12/2025,half the menu seemed unavailable today which was annoying. ended up with the chicken box which was nice enough
13/12/2025,"stopped by on my way to the station and grabbed a chicken wrap. quick service, tasty food, what more do you want really"
13/12/2025,Grabbed food on my break. The chicken wrap was really tasty. One of the better chains out there. perfect for this miserable january weather
14/12/2025,3 stars. It's fine. Not life changing but not bad either. I go when I want something quick and vaguely healthy x
14/12/2025,This is my comfort place honestly. Whenever I don't know what to have for lunch I just come here and get the chicken box. Never once been let down
14/12/2025,Finally gave Leon a try. Baked fries were properly crispy. Can't fault it really. ideal comfort food for winter honestly
14/12/2025,Swung by after the gym and the chicken box hit different when you're properly hungry. Portions are legit here
15/12/2025,Nipped in on my lunch break for the first time. Had the baked fries and a chicken wrap. Really enjoyed it - much better than I expected 👍
15/12/2025,I always recommend Leon to people who say healthy food is boring. One bite of the LOVe burger and they change their minds every time haha
15/12/2025,I don't get the hype around this place. It's just expensive fast food with a health label slapped on it
15/12/2025,Food was solid but the seating area was cramped. Ended up eating on top of the person next to me
16/12/2025,good food. had the chicken box. would come again.
16/12/2025,Second visit this week lol! Seasonal soup was lovely and warming! Proper pleased with that
16/12/2025,office ordered from here. chicken was a bit dry. service was painfully slow. expected better tbh
16/12/2025,Got the kids meal for my daughter and she absolutely loved it. Nice to have a fast food option I don't feel guilty about giving her
16/12/2025,had a craving for something wholesome and leon delivered. the roasted veg box with halloumi was beautiful
17/12/2025,The food was nice but the portion was a bit small for what you pay. I had the supergreen salad and was still hungry after
17/12/2025,"Really nice atmosphere, food came out fast and tasted great. Had the moroccan meatballs which were 10/10. Would happily eat here every day if my wallet allowed it!"
17/12/2025,Atmosphere was a bit hectic and noisy today. Made it hard to enjoy the meal. Food itself was good - chicken wrap was tasty
17/12/2025,Horrible experience today. Staff seemed completely disinterested and my order was wrong twice. Food was barely warm
18/12/2025,"Genuinely one of the worst lunches I've had in a while. The meatball box tasted microwaved. Dry, flavourless, disappointing."
18/12/2025,me and the girls came here after shopping and it was just what we needed. sharing plates and wraps all round
18/12/2025,Mate dragged me here. The halloumi wrap was gorgeous. Highly recommend
18/12/2025,Stopped by after work. portion was smaller than expected. Alright I suppose
18/12/2025,Fine for what it is. I go for the convenience more than anything. It's right next to my office and beats a sad desk sandwich
19/12/2025,waited ages for my food only for it to be lukewarm. the wrap was falling apart and the fries were stone cold. not impressed at all
19/12/2025,Came for breakfast actually! salad looked a bit sad! queue was ridiculous! Expected better tbh
19/12/2025,Quick lunch stop - chicken was a bit dry - Not bad
19/12/2025,"love leon!! the sweet potato falafel wrap is my go to. always consistent, always delicious. the staff here are so lovely too x"
20/12/2025,Mate dragged me here! The vegan box surprised me - really good! Does the job
20/12/2025,The breakfast burrito is an absolute weapon. So filling and tasty. Been coming here every Friday morning for the past month
20/12/2025,Office ordered from here! Sweet potato fries were banging! Can't fault it really
20/12/2025,"Staff were rude, food was rubbish, place was dirty. The unholy trinity. Won't be coming back"
20/12/2025,Hmm it was ok? I've had better from Leon. The wrap was a bit dry and could've used more sauce. Fries were good tho
21/12/2025,good food. had the chicken box. would come again.
21/12/2025,The app said 5 min wait. I waited 25. When I finally got my food it was wrong AND cold. Absolute joke
21/12/2025,had a craving for something wholesome and leon delivered. the roasted veg box with halloumi was beautiful
21/12/2025,The wait was too long for what's supposed to be fast food. Nearly 20 minutes. The food was good but by that point I was hangry
22/12/2025,Ordered on the app - Meatball box was full of flavour - Not bad
22/12/2025,"Absolute rip off. Tiny portions, mediocre food, and they have the nerve to charge nearly a tenner. Greggs down the road is better value and tastier"
22/12/2025,Quick lunch stop - Seasonal soup was lovely and warming - Keep it up
22/12/2025,The breakfast burrito is an absolute weapon. So filling and tasty. Been coming here every Friday morning for the past month
23/12/2025,Actually managed to find a seat at lunchtime for once. Sat in and had the meatball box. So so good. Need to come at quieter times more often
23/12/2025,The food is good but the queue at lunchtime is insane. Waited 15 minutes to order and then another 10 for food
23/12/2025,"Top notch. Came in for a quick bite before my train and had the falafel box. Fresh, tasty and filling. Can't ask for much more than that"
23/12/2025,Came for breakfast actually - Sweet potato fries were banging - Got my food in no time - Might come back...
24/12/2025,"came here with my mate after work, we both had the LOVe burger and shared some fries. proper good. portions are generous too which is always a plus"
24/12/2025,Grabbed food on my break. LOVe burger was spot on. One of the better chains out there
24/12/2025,The brownies here are absolutely lethal. I came in for a healthy lunch and left with a brownie and zero regrets
24/12/2025,the food was cold when it arrived. like properly cold not just 'not hot'. really frustrating!!
25/12/2025,Had the vegan royale today and I'm not even vegan but honestly? incredible. The sauce is something else. Bit of a queue at lunch but worth the wait
25/12/2025,"came for breakfast at 8am. place was quiet, coffee was strong, bacon roll was exactly what i needed. sometimes simplicity is key"
25/12/2025,Decent food let down by the price. I know its 'healthy' fast food but paying nearly a tenner for lunch every day adds up
25/12/2025,Office ordered from here! portion was smaller than expected! service was painfully slow! Probably won't come again
25/12/2025,Ordered on the app. The chicken wrap was really tasty. 5 stars from me
26/12/2025,"Nipped in before my train, Brazilian chicken was incredible, Could be better could be worse"
26/12/2025,Ordered on the app! The vegan box surprised me - really good! Could be better could be worse
26/12/2025,Popped in today. LOVe burger was spot on. Proper pleased with that!!
26/12/2025,Grabbed food on my break - Chargrilled chicken was juicy and well seasoned - 5 stars from me
26/12/2025,Nice enough place but a bit overpriced imo. 9 quid for a wrap and a drink is steep when you can get a meal deal for 3.50 round the corner
27/12/2025,Half the menu seemed unavailable today which was annoying. Ended up with the chicken box which was nice enough
27/12/2025,Alright I guess. The falafel was a bit dry compared to last time. Sweet potato fries saved it. Won't put me off coming back though
27/12/2025,Its ok. Nothing wrong with it but I wouldnt go out of my way to come here. If im passing and hungry then yeah sure
27/12/2025,Grabbed food on my break - Chicken nuggets were a hit - Staff were lovely - Keep it up
28/12/2025,"genuinely one of the worst lunches i've had in a while. the meatball box tasted microwaved. dry, flavourless, disappointing."
28/12/2025,Mate dragged me here! The vegan box surprised me - really good! Deffo coming again
28/12/2025,Second visit this week lol! meatballs were overdone! Not bad
28/12/2025,Dropped in on the way home! The wrap was packed and really satisfying! Alright I suppose
28/12/2025,Fine for what it is. I go for the convenience more than anything. It's right next to my office and beats a sad desk sandwich
29/12/2025,Bit disappointed with the portion sizes lately. The box used to be more generous. Food quality is still there though so thats something
29/12/2025,"Solid 8/10. Food is good, service is quick, atmosphere is pleasant. Only loses marks because it is a bit on the expensive side"
29/12/2025,Swung by for a quick bite! The halloumi wrap was gorgeous! Top stuff
29/12/2025,Hmm it was ok? I've had better from Leon. The wrap was a bit dry and could've used more sauce. Fries were good tho
30/12/2025,Needed something quick - The halloumi wrap was gorgeous - Does the job
30/12/2025,Had a craving for something wholesome and Leon delivered. The roasted veg box with halloumi was beautiful
30/12/2025,Popped in today. Seasonal soup was lovely and warming. queue was ridiculous. Not bad
30/12/2025,"had the brazilian chicken bowl and it was heavenly. the rice was fluffy, chicken was perfectly seasoned. chef's kiss"
31/12/2025,Nipped in on my lunch break for the first time. Had the baked fries and a chicken wrap. Really enjoyed it - much better than I expected!
31/12/2025,The fact that Leon exists makes my work week bearable. That's my review. 5 stars
31/12/2025,Really pleased with my lunch today. Had the grilled chicken salad and it was packed with good stuff
31/12/2025,Its ok. Nothing wrong with it but I wouldnt go out of my way to come here. If im passing and hungry then yeah sure
01/01/2026,Came with a colleague - food was lukewarm at best - they got my order wrong - Hopefully just an off day
01/01/2026,Took my kids here and they actually ate everything without complaining which is basically a miracle. The chicken nuggets went down a treat and the staff were patient with us
01/01/2026,Bit disappointed with the portion sizes lately. The box used to be more generous. Food quality is still there though so thats something
01/01/2026,"Clean restaurant, friendly staff, great food. The holy trinity"
02/01/2026,Honestly Leon is the only chain restaurant that consistently delivers. Had the chicken wrap again (shocking I know) and it was perfect
02/01/2026,Ordered on the app - Baked fries were properly crispy - Top stuff
02/01/2026,"Came here for lunch, Chicken nuggets were a hit, 3/5. ideal comfort food for winter honestly"
02/01/2026,"came at lunch and the place was filthy. tables hadnt been wiped down, floor was sticky and the bins were overflowing"
03/01/2026,Had a work lunch meeting here and everyone was impressed. Good range of options for different dietary requirements
03/01/2026,Ordered on the app. Baked fries were properly crispy. Does the job
03/01/2026,"came at lunch and the place was filthy. tables hadnt been wiped down, floor was sticky and the bins were overflowing"
03/01/2026,third time this month i think! sweet potato fries were banging! the team here are always friendly! can't fault it really
04/01/2026,i eat here probably 3 times a week and i regret nothing. the quality is always there
04/01/2026,Took my mum here and she was really impressed. She doesn't usually do fast food but she loved the halloumi box. Big win
04/01/2026,The hot sauce they do goes with absolutely everything. I put it on my chicken box and it elevated it to another level. Highly recommend
04/01/2026,Just had the best lunch I've had in ages. Chicken and chorizo box with the chargrilled veg. Everything was perfect
05/01/2026,Had a work lunch meeting here and everyone was impressed. Good range of options for different dietary requirements
05/01/2026,Nipped in before my train! wrap was falling apart! service was painfully slow! 3/5
05/01/2026,"Really let down by this branch. I love Leon normally but this was a shambles. Wrong order, cold food, staff didn't seem to care"
05/01/2026,"Second visit this week lol, The chicken wrap was really tasty, Highly recommend"
06/01/2026,Came for breakfast actually! The wrap was packed and really satisfying! Does the job
06/01/2026,"Stopped by after work, The chicken wrap was rlly tasty, Top stuff"
06/01/2026,Just had the best lunch I've had in ages. Chicken and chorizo box with the chargrilled veg. Everything was perfect
06/01/2026,First time at Leon and wow. Had the chicken wrap with the aioli and it was unreal. Nice to have a fast food option that doesnt make you feel like rubbish after
06/01/2026,Ordered through the app and it wasnt ready when I arrived even though it said it would be. Waited another 5 mins. Food was fine
07/01/2026,Came here for lunch - The halloumi wrap was gorgeous - Love this place
07/01/2026,Grabbed food on my break - LOVe burger was spot on - Might come back
07/01/2026,Came for breakfast actually! Seasonal soup was lovely and warming! Highly recommend
07/01/2026,Never again. Ordered the chicken box and it was so dry I nearly choked. Zero seasoning. Fries were bendy and sad. Waste of money
07/01/2026,"Solid 8/10. Food is good, service is quick, atmosphere is pleasant. Only loses marks because it is a bit on the expensive side"
08/01/2026,swung by after the gym and the chicken box hit different when you're properly hungry. portions are legit here
08/01/2026,"Gotta give credit where it's due - Leon on the app is seamless. Order ahead, walk in, grab and go. Food quality stays consistent too which is the main thing"
08/01/2026,This Leon does cracking breakfast. Scrambled eggs on sourdough with a flat white. Proper start to the day
08/01/2026,Quick lunch stop - LOVe burger was spot on - Proper pleased with that
09/01/2026,"Massive fan of this place. The sweet potato falafel wrap is unreal - crispy, flavourful, filling lol"
09/01/2026,Its ok. Nothing wrong with it but I wouldnt go out of my way to come here. If im passing and hungry then yeah sure!!
09/01/2026,Needed something quick. Brazilian chicken was incredible. Love this place
09/01/2026,Been coming here for a while now. wrap was falling apart. queue was ridiculous. Shame really
10/01/2026,"I like Leon conceptually but this branch can be a bit inconsistent. Sometimes amazing, sometimes rushed"
10/01/2026,half the menu seemed unavailable today which was annoying. ended up with the chicken box which was nice enough
10/01/2026,Would give zero stars if I could. Chicken was raw in the middle. ACTUALLY RAW. Had to send it back. How does that even happen
10/01/2026,"came for breakfast at 8am. place was quiet, coffee was strong, bacon roll was exactly what I needed. sometimes simplicity is key"
10/01/2026,Overpriced and underwhelming. The 'superfood salad' was just some leaves and a few bits of chicken
11/01/2026,Half the menu seemed unavailable today which was annoying. Ended up with the chicken box which was nice enough
11/01/2026,Massively disappointing. Had the LOVe burger and it was cold and dry. For the price they charge you'd expect better. Won't be rushing back
11/01/2026,Stopped by after work - food was lukewarm at best - Probably won't come again
11/01/2026,Horrible experience today. Staff seemed completely disinterested and my order was wrong twice. Food was barely warm
12/01/2026,Best fast food chain in the UK and I will die on this hill. The quality is leagues above everything else
12/01/2026,Had the seasonal salad and it was ok. A bit overdressed for my taste. The chicken was good but the leaves were sad looking
12/01/2026,Dropped in on the way home - Chargrilled chicken was juicy and well seasoned - Might come back
12/01/2026,"Popped in for a quick lunch and honestly couldn't fault it. The LOVe burger was banging, chips were crispy and the staff were dead friendly. Will deffo be back!!"
13/01/2026,Finally gave Leon a try - Sweet potato fries were banging - Proper pleased with that
13/01/2026,Alright I guess. The falafel was a bit dry compared to last time. Sweet potato fries saved it. Won't put me off coming back though
13/01/2026,had better days here. the salad was a bit limp and the dressing was minimal. chicken was nice at least. 3/5
13/01/2026,The food was nice but the portion was a bit small for what you pay. I had the supergreen salad and was still hungry after
13/01/2026,Came with a colleague! everything tasted a bit bland! Won't be rushing back
14/01/2026,The food is good but the queue at lunchtime is insane. Waited 15 minutes to order and then another 10 for food
14/01/2026,Popped in today. LOVe burger was spot on. Staff were lovely. Deffo coming again
14/01/2026,tried the new seasonal menu item today and it was really good! nice to see they keep things fresh
14/01/2026,always pop in here when i'm in town shopping. the grilled chicken salad box never disappoints and the staff are always so cheerful
15/01/2026,"absolute rip off. tiny portions, mediocre food, and they have the nerve to charge nearly a tenner. greggs down the road is better value and tastier"
15/01/2026,The app said 5 min wait. I waited 25. When I finally got my food it was wrong AND cold. Absolute joke
15/01/2026,Discovered this place last week and already been back 3 times. The chargrilled chicken is addictive I swear
15/01/2026,Literally the only fast food chain I actually feel good about eating at. Had the raw slaw with the chargrilled chicken
16/01/2026,Office ordered from here. Supergreen salad was fresh and filling. Does the job
16/01/2026,Swung by for a quick bite - Falafel box was excellent - Staff were really helpful with allergens - It's fine 👍
16/01/2026,"came for breakfast at 8am. place was quiet, coffee was strong, bacon roll was exactly what I needed. sometimes simplicity is key"
16/01/2026,Lunch sorted in under 10 minutes and it actually tasted amazing. The falafel wrap with extra chilli sauce is a vibe :)
16/01/2026,Atmosphere was a bit hectic and noisy today. Made it hard to enjoy the meal. Food itself was good - chicken wrap was tasty
17/01/2026,"What happened to this place? Portions smaller, prices higher, food not as good. Proper gutted"
17/01/2026,Would give zero stars if I could. Chicken was raw in the middle. ACTUALLY RAW. Had to send it back. How does that even happen
17/01/2026,My favourite lunch spot in the area hands down. The menu has enough variety that I never get bored and everything I've tried has been quality
17/01/2026,Not great. Found a hair in my food which obviously put me right off. Staff offered a replacement but I'd lost my appetite
17/01/2026,Fine for what it is. I go for the convenience more than anything. It's right next to my office and beats a sad desk sandwich
18/01/2026,Had the vegan royale today and I'm not even vegan but honestly? incredible. The sauce is something else. Bit of a queue at lunch but worth the wait
18/01/2026,Nipped in before my train - The halloumi wrap was gorgeous - Keep it up
18/01/2026,Swung by for a quick bite - The wrap was packed and really satisfying - It's fine
18/01/2026,Really good. I always get the supergreen salad with added chicken and it never disappoints
18/01/2026,obsessed with the aioli sauce. I literally put it on everything. Had the grilled chicken today - absolutely beautiful. 5 stars from me
19/01/2026,Had the seasonal soup and a bread roll. Soup was piping hot and really flavourful. Perfect for this weather
19/01/2026,Honestly shocked at how bad this was. I love the Leon near my house but this branch is clearly not bothered. Food was grim
19/01/2026,"Great coffee and the banana bread is SO good. Sat in and did some work for an hour - really nice vibe, not too loud, good wifi"
19/01/2026,"Nipped in before my train, The chicken wrap was really tasty, Keep it up"
19/01/2026,I always recommend Leon to people who say healthy food is boring. One bite of the LOVe burger and they change their minds every time haha
20/01/2026,"chicken tasted reheated, salad was wilted, and they charged me extra for a sauce that never arrived. not happy"
20/01/2026,Walked past and thought why not! The chicken wrap was rlly tasty! queue was ridiculous! Not bad
20/01/2026,came here for lunch! baked fries were properly crispy! quick and efficient as always! 3/5
20/01/2026,Came here for lunch. portion was smaller than expected. Might come back
21/01/2026,took my kids here and they actually ate everything without complaining which is basically a miracle. the chicken nuggets went down a treat and the staff were patient with us
21/01/2026,Brought a friend here who'd never been. She thought it was fine but nothing special. I usually rate it higher so maybe we just caught them on an off day
21/01/2026,Nipped in before my train! salad looked a bit sad! 3/5
21/01/2026,Horrible experience today. Staff seemed completely disinterested and my order was wrong twice. Food was barely warm
22/01/2026,Been coming here for months but today was the final straw. Quality has nosedived. The halloumi was rubbery and everything was lukewarm. Done.
22/01/2026,came for breakfast actually. seasonal soup was lovely and warming. quick and efficient as always. proper pleased with that
22/01/2026,"Office ordered from here, The halloumi wrap was gorgeous, Top stuff"
22/01/2026,Popped in today! The chicken wrap was really tasty! Service was spot on! Deffo coming again
23/01/2026,food was great as always. love the chicken wrap. only thing is they were out of baked fries today which was annoying but these things happen I suppose
23/01/2026,"The app ordering is dead handy. Placed my order on the bus, walked in and it was ready. Love it when places actually have their tech sorted"
23/01/2026,Been coming here for a while now. fries were soggy unfortunately. Alright I suppose
23/01/2026,stopped by after work - brazilian chicken was incredible - not bad
24/01/2026,The food was nice but the portion was a bit small for what you pay. I had the supergreen salad and was still hungry after
24/01/2026,Second visit this week lol. Sweet potato fries were banging. Quick and efficient as always. Top stuff
24/01/2026,Waited ages for my food only for it to be lukewarm. The wrap was falling apart and the fries were stone cold. Not impressed at all
24/01/2026,"Lunch meeting here, Falafel box was excellent, App ordering was seamless, Keep it up"
25/01/2026,Had a lovely breakfast here this morning. The eggs and bacon were cooked perfectly and the coffee was actually good - not always a given at these kinds of places
25/01/2026,Got the kids meal for my daughter and she absolutely loved it. Nice to have a fast food option I don't feel guilty about giving her
25/01/2026,came for breakfast actually - love burger was spot on - staff were lovely - can't fault it really x
25/01/2026,Came with a colleague - The halloumi wrap was gorgeous - 5 stars from me!!
26/01/2026,Honestly Leon is the only chain restaurant that consistently delivers. Had the chicken wrap again (shocking I know) and it was perfect
26/01/2026,food was great as always. love the chicken wrap. only thing is they were out of baked fries today which was annoying but these things happen I suppose
26/01/2026,Wish the portions were a bit bigger for the price. I always leave thinking I could've eaten more. Quality is there though
26/01/2026,good food. had the chicken box. would come again.
26/01/2026,"Good food, rubbish seating. Why are the tables always so sticky? Give them a wipe please. Chicken box was lovely though"
27/01/2026,"Coffee was average, food was better. The halloumi box was nice but could've done with more halloumi tbh"
27/01/2026,"came for breakfast at 8am. place was quiet, coffee was strong, bacon roll was exactly what I needed. sometimes simplicity is key"
27/01/2026,"everything was spot on today. quick service, food was hot and fresh, and the portions were decent. had the moroccan meatball box. really satisfying lunch"
27/01/2026,Ordered on the app! The wrap was packed and really satisfying! Keep it up. just what you need in this freezing weather
27/01/2026,Mate dragged me here - Sweet potato fries were banging - Service was spot on - Top stuff
28/01/2026,Nipped in on my lunch break for the first time. Had the baked fries and a chicken wrap. Really enjoyed it - much better than I expected!
28/01/2026,Decent food let down by the price. I know its 'healthy' fast food but paying nearly a tenner for lunch every day adds up
28/01/2026,Lunch meeting here! LOVe burger was spot on! Proper pleased with that
28/01/2026,Hmm it was ok? I've had better from Leon. The wrap was a bit dry and could've used more sauce. Fries were good tho
29/01/2026,Had a work lunch meeting here and everyone was impressed. Good range of options for different dietary requirements
29/01/2026,Always pop in here when I'm in town shopping. The grilled chicken salad box never disappoints and the staff are always so cheerful
29/01/2026,First time trying this branch - The vegan box surprised me - really good - Deffo coming again
29/01/2026,"Came with a colleague, Sweet potato fries were banging, Staff were rlly helpful with allergens, Would recommend to anyone"
29/01/2026,Walked past and thought why not. fries were soggy unfortunately. It's fine
30/01/2026,Not great. Found a hair in my food which obviously put me right off. Staff offered a replacement but I'd lost my appetite
30/01/2026,Dropped in on the way home. salad looked a bit sad. Not bad
30/01/2026,"Came here for lunch, Chargrilled chicken was juicy and well seasoned, Even though it was busy they were quick, Top stuff"
30/01/2026,Came with a colleague. Meatball box was full of flavour. Service was spot on. Proper pleased with that. warming food on a bitter cold day
31/01/2026,Nipped in on my lunch break for the first time. Had the baked fries and a chicken wrap. Really enjoyed it - much better than I expected!
31/01/2026,Picked up a couple of wraps for me and the missus on the way home. Both really enjoyed them. Easy dinner sorted
31/01/2026,First time at Leon and wow. Had the chicken wrap with the aioli and it was unreal. Nice to have a fast food option that doesnt make you feel like rubbish after
31/01/2026,Actually managed to find a seat at lunchtime for once. Sat in and had the meatball box. So so good. Need to come at quieter times more often!!
31/01/2026,"Nipped in before my train, The chicken wrap was really tasty, Deffo coming again"
01/02/2026,Quick lunch stop! The wrap was packed and really satisfying! One of the better chains out there
01/02/2026,food was good but they got my order wrong. I asked for no onions and there were onions everywhere. Staff apologised though
01/02/2026,"came here with my mate after work, we both had the LOVe burger and shared some fries. proper good. portions are generous too which is always a plus"
01/02/2026,Ordered on the app. The vegan box surprised me - really good. no one seemed to know what was going on. It's fine
01/02/2026,"Came for breakfast actually, The halloumi wrap was gorgeous, Will be back for sure"
02/02/2026,Finally gave Leon a try. LOVe burger was spot on. Love this place
02/02/2026,Nipped in before my train. Baked fries were properly crispy. Even though it was busy they were quick. Proper pleased with that
02/02/2026,my go to order is the chicken wrap with extra aioli and baked fries. never fails. today was no exception
02/02/2026,Decent food let down by the price. I know its 'healthy' fast food but paying nearly a tenner for lunch every day adds up
03/02/2026,"Top notch. Came in for a quick bite before my train and had the falafel box. Fresh, tasty and filling. Can't ask for much more than that"
03/02/2026,"what happened to this place? portions smaller, prices higher, food not as good. proper gutted"
03/02/2026,Came here for lunch. salad looked a bit sad. Does the job
03/02/2026,Went for the seasonal salad and it was really fresh and flavourful. Nice change from the usual lunch options round here
04/02/2026,Ordered on the app. Supergreen salad was fresh and filling. Highly recommend
04/02/2026,Stopped by after work - LOVe burger was spot on - Got my food in no time - Will be back for sure
04/02/2026,Been coming here for a while now - Sweet potato fries were banging - Staff were lovely - Will be back for sure
04/02/2026,Food was solid but the seating area was cramped. Ended up eating on top of the person next to me
04/02/2026,Grabbed food on my break - Meatball box was full of flavour - One of the better chains out there
05/02/2026,Got the kids meal for my daughter and she absolutely loved it. Nice to have a fast food option I don't feel guilty about giving her
05/02/2026,My go to order is the chicken wrap with extra aioli and baked fries. Never fails. Today was no exception
05/02/2026,the nuggets here are properly good. none of that processed rubbish. my kids go mental for them
05/02/2026,Honestly a 3.5 out of 5 from me. Food is tasty but the value for money just isnt quite there
05/02/2026,Food was solid but the seating area was cramped. Ended up eating on top of the person next to me
06/02/2026,"Stopped by after work, wrap was falling apart, Bit disappointed overall"
06/02/2026,Literally the only fast food chain I actually feel good about eating at. Had the raw slaw with the chargrilled chicken
06/02/2026,Second visit this week lol! The wrap was packed and really satisfying! App ordering was seamless! Would recommend to anyone
06/02/2026,This is my comfort place honestly. Whenever I don't know what to have for lunch I just come here and get the chicken box. Never once been let down
07/02/2026,mate recommended this place and he was spot on. had the chicken wrap and sweet potato fries. both were class. cheers dave 👍
07/02/2026,First time trying this branch. The chicken wrap was really tasty. Staff were really helpful with allergens. Highly recommend
07/02/2026,stopped by after work! meatballs were overdone! won't be rushing back
07/02/2026,"love leon!! the sweet potato falafel wrap is my go to. always consistent, always delicious. the staff here are so lovely too x"
08/02/2026,Third time this month I think. Chargrilled chicken was juicy and well seasoned. Love this place
08/02/2026,Mate dragged me here - the rice was a bit clumpy - 3/5
08/02/2026,"Grabbed food on my break, Supergreen salad was fresh and filling, Can't fault it really. warming and filling which is all you want rn"
08/02/2026,popped in today! chicken nuggets were a hit! proper pleased with that
09/02/2026,The hot sauce they do goes with absolutely everything. I put it on my chicken box and it elevated it to another level. Highly recommend!!
09/02/2026,Always pop in here when I'm in town shopping. The grilled chicken salad box never disappoints and the staff are always so cheerful
09/02/2026,The app said 5 min wait. I waited 25. When I finally got my food it was wrong AND cold. Absolute joke
09/02/2026,Had a bad day and Leon made it slightly better. comfort food that doesn't make you feel awful? yes please
09/02/2026,"Dropped in on the way home, the rice was a bit clumpy, 3/5"
10/02/2026,"Good food, rubbish seating. Why are the tables always so sticky? Give them a wipe please. Chicken box was lovely though"
10/02/2026,Massively disappointing. Had the LOVe burger and it was cold and dry. For the price they charge you'd expect better. Won't be rushing back
10/02/2026,Dropped in on the way home - meatballs were overdone - Won't be rushing back
10/02/2026,Really pleased with my lunch today. Had the grilled chicken salad and it was packed with good stuff
10/02/2026,look i'm not the type to leave reviews but this place deserves one. consistently good food every single time i visit
11/02/2026,Came with a colleague. Sweet potato fries were banging. Staff were rlly helpful with allergens. Not bad. warming and filling which is all you want rn
11/02/2026,Had the LOVe burger with baked fries and honestly its the best value meal around here for the quality you get
11/02/2026,Lunch meeting here! portion was smaller than expected! Expected better tbh
11/02/2026,"Nipped in before my train, The wrap was packed and really satisfying, 5 stars from me!!"
12/02/2026,Had a bad day and Leon made it slightly better. comfort food that doesn't make you feel awful? yes please
12/02/2026,Nipped in on my lunch break for the first time. Had the baked fries and a chicken wrap. Really enjoyed it - much better than I expected!
12/02/2026,The food was nice but the portion was a bit small for what you pay. I had the supergreen salad and was still hungry after
12/02/2026,Finally a fast food place that doesn't leave me feeling like I need a nap after. Had the grilled chicken salad. Energised and full. What a concept
13/02/2026,had a work lunch meeting here and everyone was impressed. good range of options for different dietary requirements
13/02/2026,The fact that Leon exists makes my work week bearable. That's my review. 5 stars
13/02/2026,Just wanna say the staff at this branch are always SO nice. Even when it's heaving they're friendly and quick. Food's great too obv
13/02/2026,Walked past and thought why not! Brazilian chicken was incredible! Keep it up
13/02/2026,Dropped in on the way home! The wrap was packed and really satisfying! Keep it up
14/02/2026,Third time this month I think! meatballs were overdone! staff seemed a bit stressed tbh! Probably won't come again
14/02/2026,Its ok. Nothing wrong with it but I wouldnt go out of my way to come here. If im passing and hungry then yeah sure
14/02/2026,Ordered on the app - Chargrilled chicken was juicy and well seasoned - See you next week Leon
14/02/2026,Office ordered from here. Chicken nuggets were a hit. Will be back for sure
15/02/2026,treated myself to a leon for dinner tonight instead of cooking and no regrets at all. the meatball box was incredible
15/02/2026,Horrible experience today. Staff seemed completely disinterested and my order was wrong twice. Food was barely warm
15/02/2026,Nipped in before my train - Chicken nuggets were a hit - no one seemed to know what was going on - Might come back
15/02/2026,Just had the best lunch I've had in ages. Chicken and chorizo box with the chargrilled veg. Everything was perfect
16/02/2026,"Mate dragged me here, The wrap was packed and really satisfying, Would recommend to anyone"
16/02/2026,Had a work lunch meeting here and everyone was impressed. Good range of options for different dietary requirements
16/02/2026,Second visit this week lol. The halloumi wrap was gorgeous. One of the better chains out there!!
16/02/2026,"Chicken tasted reheated, salad was wilted, and they charged me extra for a sauce that never arrived. Not happy"
16/02/2026,hmm it was ok? i've had better from leon. the wrap was a bit dry and could've used more sauce. fries were good tho
17/02/2026,honestly shocked at how bad this was. i love the leon near my house but this branch is clearly not bothered. food was grim
17/02/2026,The food was nice but the portion was a bit small for what you pay. I had the supergreen salad and was still hungry after
17/02/2026,Always pop in here when I'm in town shopping. The grilled chicken salad box never disappoints and the staff are always so cheerful 👍
17/02/2026,mate recommended this place and he was spot on. had the chicken wrap and sweet potato fries. both were class. cheers dave
18/02/2026,sorry but ten quid for a mediocre wrap and some sad looking fries is a joke. the food was bland and the portion was tiny
18/02/2026,Had a lovely breakfast here this morning. The eggs and bacon were cooked perfectly and the coffee was actually good - not always a given at these kinds of places
18/02/2026,This is my comfort place honestly. Whenever I don't know what to have for lunch I just come here and get the chicken box. Never once been let down
18/02/2026,It's a reliable 7/10 every time. Never blows me away but never disappoints. Consistent decency. Had the chicken wrap
18/02/2026,Really pleased with my lunch today. Had the grilled chicken salad and it was packed with good stuff
19/02/2026,"Came for breakfast actually, the rice was a bit clumpy, Hopefully just an off day"
19/02/2026,Been coming here for a while now! Sweet potato fries were banging! Staff were lovely! See you next week Leon
19/02/2026,Needed something quick - Chargrilled chicken was juicy and well seasoned - Proper pleased with that
19/02/2026,Literally the only fast food chain I actually feel good about eating at. Had the raw slaw with the chargrilled chicken
20/02/2026,Came for breakfast actually - Supergreen salad was fresh and filling - One of the better chains out there
20/02/2026,"I like Leon conceptually but this branch can be a bit inconsistent. Sometimes amazing, sometimes rushed"
20/02/2026,Lunch meeting here - food was lukewarm at best - Could be better could be worse
20/02/2026,Service was a bit slow today which is unusual. Food was nice when it eventually came though. Had the moroccan meatballs
21/02/2026,Third time this month I think - Supergreen salad was fresh and filling - Got my food in no time - Alright I suppose
21/02/2026,"Nipped in before my train, chicken was a bit dry, 3/5"
21/02/2026,"Office ordered from here, portion was smaller than expected, 3/5!!"
21/02/2026,"The app ordering is dead handy. Placed my order on the bus, walked in and it was ready. Love it when places actually have their tech sorted"
22/02/2026,Had the vegan wrap. Taste was good but it fell apart immediately which was messy and annoying
22/02/2026,Stopped by after work. wrap was falling apart. had to wait ages. Not worth the price 👍
22/02/2026,"Ordered on the app, the rice was a bit clumpy, 3/5"
22/02/2026,Lunch meeting here! Seasonal soup was lovely and warming! See you next week Leon
22/02/2026,Been coming here for months but today was the final straw. Quality has nosedived. The halloumi was rubbery and everything was lukewarm. Done.
23/02/2026,The wait was too long for what's supposed to be fast food. Nearly 20 minutes. The food was good but by that point I was hangry
23/02/2026,"Nipped in before my train, Baked fries were properly crispy, Proper pleased with that"
23/02/2026,brought my partner here for the first time and she loved it! she had the vegan wrap and said it was the best she'd had from a chain. big praise from her trust me
23/02/2026,Been coming here for months but today was the final straw. Quality has nosedived. The halloumi was rubbery and everything was lukewarm. Done.
23/02/2026,Grabbed food on my break - everything tasted a bit bland - no one seemed to know what was going on - Expected better tbh
24/02/2026,"Came here for lunch, The wrap was packed and really satisfying, Not bad"
24/02/2026,sorry but ten quid for a mediocre wrap and some sad looking fries is a joke. the food was bland and the portion was tiny
24/02/2026,Never again. Ordered the chicken box and it was so dry I nearly choked. Zero seasoning. Fries were bendy and sad. Waste of money
24/02/2026,Horrible experience today. Staff seemed completely disinterested and my order was wrong twice. Food was barely warm
24/02/2026,Picked up a couple of wraps for me and the missus on the way home. Both really enjoyed them. Easy dinner sorted
25/02/2026,"Nipped in before my train, Chicken nuggets were a hit, Proper pleased with that"
25/02/2026,decent food let down by the price. i know its 'healthy' fast food but paying nearly a tenner for lunch every day adds up
25/02/2026,"came for breakfast at 8am. place was quiet, coffee was strong, bacon roll was exactly what I needed. sometimes simplicity is key"
25/02/2026,went with a group of 6 and we all ordered different things. everyone was happy with their food which says a lot really
25/02/2026,"came here with my mate after work, we both had the LOVe burger and shared some fries. proper good. portions are generous too which is always a plus"
26/02/2026,"What happened to this place? Portions smaller, prices higher, food not as good. Proper gutted"
26/02/2026,Second visit this week lol - Baked fries were properly crispy - Highly recommend. warming and filling which is all you want rn
26/02/2026,Been coming here for a while now - Brazilian chicken was incredible - Deffo coming again
26/02/2026,This place never lets me down. I come here at least twice a week for the Brazilian chicken. It's just so good and I don't feel gross after like I do with McDonalds lol
26/02/2026,mate recommended this place and he was spot on. had the chicken wrap and sweet potato fries. both were class. cheers dave
27/02/2026,"Stopped by after work, LOVe burger was spot on, One of the better chains out there"
27/02/2026,"Had the Brazilian chicken bowl and it was heavenly. The rice was fluffy, chicken was perfectly seasoned. Chef's kiss"
27/02/2026,The sweet potato fries here are ELITE. I said what I said. Also had the grilled chicken box - lovely stuff
27/02/2026,Honestly Leon is the only chain restaurant that consistently delivers. Had the chicken wrap again (shocking I know) and it was perfect
28/02/2026,"Lunch meeting here, Meatball box was full of flavour, Staff were lovely, Keep it up"
28/02/2026,First time at Leon and wow. Had the chicken wrap with the aioli and it was unreal. Nice to have a fast food option that doesnt make you feel like rubbish after
28/02/2026,Just discovered you can customise your box and add extra bits. Game changer
28/02/2026,brought my partner here for the first time and she loved it! she had the vegan wrap and said it was the best she'd had from a chain. big praise from her trust me
